,angle,x,y,labeled
line1,13.26,183,159,True
line2,1.83,154,174,True
line3,-20.56,96,155,True
line4,-15.59,97,109,True
line5,28.03,224,160,True
line6,17.43,204,127,True
line7,-23.68,100,185,True
line8,-29.62,63,146,True
line9,-42.68,20,158,True
line10,-22.28,91,155,True
line11,7.41,169,153,True
line12,14.13,185,160,True
line13,25.06,215,160,True
line14,25.52,224,144,True
line15,-43.9,22,166,True
line16,-29.96,67,155,True
line17,-15.36,111,157,True
line18,-6.57,134,160,True
line19,-7.28,133,166,True
line20,28.24,237,137,True
line21,26.07,218,160,True
line22,24.86,226,135,True
line23,28.18,240,131,True
line24,19.31,198,162,True
line25,17.79,193,165,True
line26,-4.27,140,165,True
line27,-22.71,73,115,True
line28,-11.24,117,133,True
line29,-14.77,116,170,True
line30,24.78,198,195,True
line31,28.67,261,96,True
line32,39.66,247,182,True
line33,38.91,263,159,True
line34,27.08,218,166,True
line35,-35.02,61,172,True
line36,-63.13,0,223,True
line37,-68.2,0,239,True
line38,4.47,159,184,True
line39,15.64,185,174,True
line40,14.04,181,175,True
line41,-52.05,0,182,True
line42,-45.38,0,151,True
line43,-39.95,21,145,True
line44,-30.15,53,132,True
line45,-37.9,41,159,True
line46,-34.38,59,166,True
line47,6.71,160,214,True
line48,18.79,200,152,True
line49,11.73,177,169,True
line50,0.0,150,148,True
line51,-5.27,138,169,True
line52,42.71,246,195,True
line53,44.04,238,208,True
line54,46.99,284,174,True
line55,27.05,269,66,True
line56,23.25,257,50,True
line57,20.72,251,32,True
line58,19.02,241,35,True
line59,11.97,203,49,True
line60,3.35,163,77,True
line61,-32.14,8,73,True
line62,-12.59,104,93,True
line63,12.77,196,96,True
line64,17.97,222,77,True
line65,20.5,233,77,True
line66,24.04,245,86,True
line67,23.2,231,110,True
line68,12.68,186,139,True
line69,-0.87,148,168,True
line70,-63.94,13,232,True
line71,-67.35,11,241,True
line72,-33.06,27,110,True
line73,-31.4,20,86,True
line74,-21.01,87,135,True
line75,-2.79,141,114,True
line76,5.78,167,131,True
line77,12.33,183,148,True
line78,11.39,178,160,True
line79,19.91,217,114,True
line80,35.36,282,113,True
line81,35.25,285,108,True
line82,24.71,248,86,True
line83,23.81,244,86,True
line84,23.59,243,86,True
line85,-8.46,117,77,True
line86,-26.25,41,78,True
line87,6.44,172,104,True
line88,29.96,248,129,True
line89,19.47,214,118,True
line90,-17.87,91,116,True
line91,-37.75,30,144,True
line92,-35.5,53,163,True
line93,32.2,235,164,True
line94,45.9,280,173,True
line95,38.45,285,129,True
line96,9.98,185,100,True
line97,7.26,177,87,True
line98,-7.31,125,104,True
line99,0.0,150,133,True
line100,-6.62,132,144,True
line101,17.7,195,158,True
line102,-18.71,107,172,True
line103,-25.46,100,194,True
line104,-63.93,11,231,True
line105,-75.16,-1,259,True
line106,-57.65,0,204,True
line107,-35.22,30,129,True
line108,-35.75,19,117,True
line109,-28.51,43,102,True
line110,-22.5,68,101,True
line111,-23.51,63,99,True
line112,-15.8,90,87,True
line113,-4.18,135,94,True
line114,-15.98,91,93,True
line115,-10.62,111,91,True
line116,-10.62,111,91,True
line117,11.1,191,90,True
line118,22.2,230,103,True
line119,-3.74,136,85,True
line120,-4.76,132,83,True
line121,-30.85,61,150,True
line122,-34.05,52,154,True
line123,-36.18,52,165,True
line124,-35.39,47,154,True
line125,14.87,197,122,True
line126,11.93,191,105,True
line127,-0.88,147,103,True
line128,-12.59,108,111,True
line129,-28.75,43,104,True
line130,-34.03,21,108,True
line131,-33.32,33,121,True
line132,-23.57,85,150,True
line133,-11.31,121,154,True
line134,-33.04,83,196,True
line135,-59.57,24,225,True
line136,-82.83,-1,280,True
line137,-85.46,-1,287,True
line138,-51.7,12,190,True
line139,15.22,187,163,True
line140,-16.06,95,108,True
line141,-33.92,33,125,True
line142,-38.7,5,118,True
line143,-46.96,-1,158,True
line144,-40.35,20,146,True
line145,-34.63,54,160,True
line146,-9.46,128,167,True
line147,55.69,298,198,True
line148,51.81,300,181,True
line149,63.28,299,224,True
line150,57.21,299,203,True
line151,70.76,299,247,True
line152,54.32,299,192,True
line154,-34.02,15,99,True
line155,-29.18,45,111,True
line156,-23.42,69,112,True
line157,-31.18,58,147,True
line158,-42.27,50,189,True
line159,-54.07,41,220,True
line160,-80.17,0,273,True
line161,-82.46,-1,279,True
line164,-74.1,-1,256,True
line165,-41.49,43,178,True
line166,-46.0,33,186,True
line167,-50.06,21,191,True
line168,-56.22,-1,198,True
line169,-25.44,23,32,True
line170,-14.59,80,30,True
line171,-7.89,113,32,True
line172,-6.12,123,47,True
line173,-5.81,127,73,True
line174,-0.83,147,91,True
line175,-5.35,134,128,True
line176,-5.34,137,160,True
line177,-34.58,59,167,True
line178,-38.88,50,175,True
line179,-51.12,26,199,True
line184,-14.98,85,56,True
line185,8.25,188,37,True
line186,0.0,150,40,True
line187,7.79,186,36,True
line188,3.45,165,50,True
line189,-4.12,132,49,True
line190,-6.49,122,53,True
line191,-5.07,131,85,True
line192,7.72,179,85,True
line193,10.14,189,81,True
line194,8.44,181,90,True
line195,1.46,155,103,True
line196,-8.26,123,113,True
line197,-13.97,102,106,True
line198,1.21,154,109,True
line199,14.76,189,151,True
line200,50.23,299,175,True
line201,48.46,299,167,True
line202,42.08,299,134,True
line203,40.25,299,123,True
line204,33.52,256,139,True
line205,50.69,299,177,True
line206,34.85,299,85,True
line207,29.7,300,36,True
line208,34.85,299,85,True
line209,21.04,265,0,True
line210,18.2,247,4,True
line211,-0.8,146,14,True
line212,-7.71,111,11,True
line213,-20.47,44,15,True
line214,-14.28,79,20,True
line215,-1.06,145,30,True
line216,8.68,190,37,True
line217,6.54,179,46,True
line218,2.94,163,46,True
line219,-7.4,117,45,True
line220,-12.39,92,35,True
line221,-0.22,149,40,True
line222,-9.82,110,68,True
line223,-15.12,93,88,True
line224,12.37,200,71,True
line225,25.68,263,64,True
line226,27.79,267,77,True
line227,25.62,255,80,True
line228,-1.18,146,105,True
line229,31.03,230,166,True
line230,75.78,300,261,True
line231,75.33,299,260,True
line232,78.62,299,269,True
line233,41.91,290,143,True
line234,-6.5,127,97,True
line235,-17.35,90,107,True
line236,-19.0,77,87,True
line237,-22.08,64,87,True
line238,-21.38,67,87,True
line239,-23.34,68,109,True
line240,-20.38,82,116,True
line241,-17.93,84,95,True
line242,-19.28,79,96,True
line243,-23.76,58,90,True
line244,-24.06,29,28,True
line245,-10.66,99,28,True
line246,-6.5,123,62,True
line247,-20.46,56,47,True
line248,-30.75,9,62,True
line249,-43.88,-1,142,True
line250,-30.63,2,49,True
line251,-22.46,57,74,True
line252,17.09,229,42,True
line253,10.36,197,42,True
line254,-11.36,101,55,True
line255,-26.57,39,77,True
line256,-29.05,25,74,True
line257,6.37,178,48,True
line258,25.53,257,75,True
line259,30.93,298,52,True
line260,13.71,211,49,True
line261,13.5,210,49,True
line262,21.17,253,33,True
line263,25.48,252,85,True
line264,35.05,284,108,True
line265,33.75,299,76,True
line266,35.49,299,90,True
line267,18.64,235,47,True
line268,20.86,243,55,True
line269,38.25,299,110,True
line270,40.09,299,122,True
line271,34.23,299,80,True
line272,11.16,193,81,True
line273,-13.33,100,88,True
line274,8.68,181,96,True
line275,-5.78,125,52,True
line276,19.51,212,124,True
line277,-32.75,49,142,True
line278,-59.2,-1,209,True
line279,-41.07,1,128,True
line280,-90.0,-1,299,True
line281,20.05,231,77,True
line282,-33.42,18,99,True
line283,-23.99,65,108,True
line284,43.33,300,140,True
line285,45.0,299,150,True
line286,30.62,266,103,True
line287,41.23,299,129,True
line288,61.17,299,217,True
line289,-20.58,61,62,True
line290,-24.34,41,58,True
line291,0.94,154,55,True
line292,22.54,250,58,True
line293,2.44,160,64,True
line294,-20.29,72,88,True
line295,26.68,247,106,True
line296,-9.74,116,101,True
line297,-42.29,-1,133,True
line298,-43.16,-1,138,True
line299,-43.88,-1,142,True
line300,-10.62,105,59,True
line301,0.0,150,0,False
line302,0.0,150,0,False
line303,0.0,150,0,False
line304,0.0,150,0,False
line305,0.0,150,0,False
line306,0.0,150,0,False
line307,0.0,150,0,False
line308,0.0,150,0,False
line309,0.0,150,0,False
line310,0.0,150,0,False
line311,0.0,150,0,False
line312,0.0,150,0,False
line313,0.0,150,0,False
line314,0.0,150,0,False
line315,0.0,150,0,False
line316,0.0,150,0,False
line317,0.0,150,0,False
line318,0.0,150,0,False
line319,0.0,150,0,False
line320,0.0,150,0,False
line321,0.0,150,0,False
line322,0.0,150,0,False
line323,0.0,150,0,False
line324,0.0,150,0,False
line325,0.0,150,0,False
line326,0.0,150,0,False
line327,0.0,150,0,False
line328,0.0,150,0,False
line329,0.0,150,0,False
line330,0.0,150,0,False
line331,0.0,150,0,False
line332,0.0,150,0,False
line333,0.0,150,0,False
line334,0.0,150,0,False
line335,0.0,150,0,False
line336,0.0,150,0,False
line337,0.0,150,0,False
line338,0.0,150,0,False
line339,0.0,150,0,False
line340,0.0,150,0,False
line341,0.0,150,0,False
line342,0.0,150,0,False
line343,0.0,150,0,False
line344,0.0,150,0,False
line347,0.0,150,0,False
line348,0.0,150,0,False
line349,0.0,150,0,False
line350,0.0,150,0,False
line351,0.0,150,0,False
line352,0.0,150,0,False
line353,0.0,150,0,False
line354,0.0,150,0,False
line355,0.0,150,0,False
line356,0.0,150,0,False
line357,0.0,150,0,False
line358,0.0,150,0,False
line361,0.0,150,0,False
line362,0.0,150,0,False
line363,0.0,150,0,False
line364,0.0,150,0,False
line366,0.0,150,0,False
line367,0.0,150,0,False
line368,0.0,150,0,False
line369,0.0,150,0,False
line370,0.0,150,0,False
line374,0.0,150,0,False
line377,0.0,150,0,False
line379,0.0,150,0,False
line380,0.0,150,0,False
line381,0.0,150,0,False
line382,0.0,150,0,False
line383,0.0,150,0,False
line384,0.0,150,0,False
line385,0.0,150,0,False
line386,0.0,150,0,False
line387,0.0,150,0,False
line388,0.0,150,0,False
line389,0.0,150,0,False
line390,0.0,150,0,False
line391,0.0,150,0,False
line392,0.0,150,0,False
line393,0.0,150,0,False
line394,0.0,150,0,False
line395,0.0,150,0,False
line396,0.0,150,0,False
line397,0.0,150,0,False
line398,0.0,150,0,False
line399,0.0,150,0,False
line400,0.0,150,0,False
line401,0.0,150,0,False
line402,0.0,150,0,False
line403,0.0,150,0,False
line404,0.0,150,0,False
line405,0.0,150,0,False
line406,0.0,150,0,False
line407,0.0,150,0,False
line408,0.0,150,0,False
line409,0.0,150,0,False
line410,0.0,150,0,False
line411,0.0,150,0,False
line412,0.0,150,0,False
line413,0.0,150,0,False
line414,0.0,150,0,False
line415,0.0,150,0,False
line416,0.0,150,0,False
line417,0.0,150,0,False
line418,0.0,150,0,False
line419,0.0,150,0,False
line420,0.0,150,0,False
line421,0.0,150,0,False
line422,0.0,150,0,False
line423,0.0,150,0,False
line424,0.0,150,0,False
line425,0.0,150,0,False
line426,0.0,150,0,False
line427,0.0,150,0,False
line428,0.0,150,0,False
line429,0.0,150,0,False
line431,0.0,150,0,False
line432,0.0,150,0,False
line433,0.0,150,0,False
line434,0.0,150,0,False
line435,0.0,150,0,False
line436,0.0,150,0,False
line437,0.0,150,0,False
line438,0.0,150,0,False
line439,0.0,150,0,False
line440,0.0,150,0,False
line441,0.0,150,0,False
line442,0.0,150,0,False
line443,0.0,150,0,False
line444,0.0,150,0,False
line445,0.0,150,0,False
line446,0.0,150,0,False
line447,0.0,150,0,False
line448,0.0,150,0,False
line449,0.0,150,0,False
line450,0.0,150,0,False
line451,0.0,150,0,False
line452,0.0,150,0,False
line453,0.0,150,0,False
line454,0.0,150,0,False
line455,0.0,150,0,False
line456,0.0,150,0,False
line457,0.0,150,0,False
line458,0.0,150,0,False
line459,0.0,150,0,False
line460,0.0,150,0,False
line461,0.0,150,0,False
line462,0.0,150,0,False
line463,0.0,150,0,False
line464,0.0,150,0,False
line466,0.0,150,0,False
line467,0.0,150,0,False
line468,0.0,150,0,False
line469,0.0,150,0,False
line470,0.0,150,0,False
line471,0.0,150,0,False
line472,0.0,150,0,False
line473,0.0,150,0,False
line474,0.0,150,0,False
line475,0.0,150,0,False
line476,0.0,150,0,False
line477,0.0,150,0,False
line478,0.0,150,0,False
line479,0.0,150,0,False
line480,0.0,150,0,False
line481,0.0,150,0,False
line482,0.0,150,0,False
line483,0.0,150,0,False
line484,0.0,150,0,False
line485,0.0,150,0,False
line486,0.0,150,0,False
line487,0.0,150,0,False
line488,0.0,150,0,False
line489,0.0,150,0,False
line490,0.0,150,0,False
line491,0.0,150,0,False
line492,0.0,150,0,False
line493,0.0,150,0,False
line494,0.0,150,0,False
line495,0.0,150,0,False
line496,0.0,150,0,False
line497,0.0,150,0,False
line498,0.0,150,0,False
line499,0.0,150,0,False
line500,0.0,150,0,False
line501,0.0,150,0,False
line503,0.0,150,0,False
line504,0.0,150,0,False
line505,0.0,150,0,False
line506,0.0,150,0,False
line507,0.0,150,0,False
line508,0.0,150,0,False
line509,0.0,150,0,False
line510,0.0,150,0,False
line511,0.0,150,0,False
line512,0.0,150,0,False
line513,0.0,150,0,False
line514,0.0,150,0,False
line515,0.0,150,0,False
line516,0.0,150,0,False
line517,0.0,150,0,False
line518,0.0,150,0,False
line519,0.0,150,0,False
line520,0.0,150,0,False
line521,0.0,150,0,False
line522,0.0,150,0,False
line523,0.0,150,0,False
line524,0.0,150,0,False
line525,0.0,150,0,False
line526,0.0,150,0,False
line527,0.0,150,0,False
line528,0.0,150,0,False
line532,0.0,150,0,False
line533,0.0,150,0,False
line534,0.0,150,0,False
line535,0.0,150,0,False
line536,0.0,150,0,False
line537,0.0,150,0,False
line539,0.0,150,0,False
line540,0.0,150,0,False
line541,0.0,150,0,False
line542,0.0,150,0,False
line543,0.0,150,0,False
line544,0.0,150,0,False
line545,0.0,150,0,False
line546,0.0,150,0,False
line547,0.0,150,0,False
line548,0.0,150,0,False
line549,0.0,150,0,False
line550,0.0,150,0,False
line551,0.0,150,0,False
line552,0.0,150,0,False
line553,0.0,150,0,False
line554,0.0,150,0,False
line555,0.0,150,0,False
line556,0.0,150,0,False
line557,0.0,150,0,False
line558,0.0,150,0,False
line559,0.0,150,0,False
line560,0.0,150,0,False
line561,0.0,150,0,False
line562,0.0,150,0,False
line563,0.0,150,0,False
line564,0.0,150,0,False
line565,0.0,150,0,False
line566,0.0,150,0,False
line567,0.0,150,0,False
line568,0.0,150,0,False
line569,0.0,150,0,False
line570,0.0,150,0,False
line571,0.0,150,0,False
line572,0.0,150,0,False
line573,0.0,150,0,False
line574,0.0,150,0,False
line575,0.0,150,0,False
line576,0.0,150,0,False
line577,0.0,150,0,False
line578,0.0,150,0,False
line579,0.0,150,0,False
line583,0.0,150,0,False
line584,0.0,150,0,False
line587,0.0,150,0,False
line588,0.0,150,0,False
line589,0.0,150,0,False
line590,0.0,150,0,False
line591,0.0,150,0,False
line592,0.0,150,0,False
line593,0.0,150,0,False
line594,0.0,150,0,False
line595,0.0,150,0,False
line596,0.0,150,0,False
line597,0.0,150,0,False
line598,0.0,150,0,False
line599,0.0,150,0,False
line600,0.0,150,0,False
line603,0.0,150,0,False
line604,0.0,150,0,False
line605,0.0,150,0,False
line606,0.0,150,0,False
line608,0.0,150,0,False
line609,0.0,150,0,False
line610,0.0,150,0,False
line611,0.0,150,0,False
line612,0.0,150,0,False
line614,0.0,150,0,False
line615,0.0,150,0,False
line616,0.0,150,0,False
line617,0.0,150,0,False
line618,0.0,150,0,False
line619,0.0,150,0,False
line620,0.0,150,0,False
line621,0.0,150,0,False
line622,0.0,150,0,False
line623,0.0,150,0,False
line624,0.0,150,0,False
line625,0.0,150,0,False
line626,0.0,150,0,False
line627,0.0,150,0,False
line628,0.0,150,0,False
line629,0.0,150,0,False
line630,0.0,150,0,False
line631,0.0,150,0,False
line632,0.0,150,0,False
line633,0.0,150,0,False
line634,0.0,150,0,False
line635,0.0,150,0,False
line636,0.0,150,0,False
line637,0.0,150,0,False
line638,0.0,150,0,False
line639,0.0,150,0,False
line640,0.0,150,0,False
line641,0.0,150,0,False
line642,0.0,150,0,False
line643,0.0,150,0,False
line644,0.0,150,0,False
line645,0.0,150,0,False
line646,0.0,150,0,False
line647,0.0,150,0,False
line648,0.0,150,0,False
line649,0.0,150,0,False
line650,0.0,150,0,False
line652,0.0,150,0,False
line653,0.0,150,0,False
line654,0.0,150,0,False
line655,0.0,150,0,False
line657,0.0,150,0,False
line658,0.0,150,0,False
line659,0.0,150,0,False
line660,0.0,150,0,False
line661,0.0,150,0,False
line662,0.0,150,0,False
line663,0.0,150,0,False
line664,0.0,150,0,False
line665,0.0,150,0,False
line668,0.0,150,0,False
line669,0.0,150,0,False
line670,0.0,150,0,False
line671,0.0,150,0,False
line672,0.0,150,0,False
line673,0.0,150,0,False
line674,0.0,150,0,False
line675,0.0,150,0,False
line676,0.0,150,0,False
line677,0.0,150,0,False
line678,0.0,150,0,False
line679,0.0,150,0,False
line684,0.0,150,0,False
line685,0.0,150,0,False
line686,0.0,150,0,False
line687,0.0,150,0,False
line688,0.0,150,0,False
line689,0.0,150,0,False
line690,0.0,150,0,False
line691,0.0,150,0,False
line692,0.0,150,0,False
line693,0.0,150,0,False
line694,0.0,150,0,False
line696,0.0,150,0,False
line697,0.0,150,0,False
line698,0.0,150,0,False
line699,0.0,150,0,False
line700,0.0,150,0,False
line701,0.0,150,0,False
line702,0.0,150,0,False
line704,0.0,150,0,False
line705,0.0,150,0,False
line706,0.0,150,0,False
line707,0.0,150,0,False
line708,0.0,150,0,False
line709,0.0,150,0,False
line711,0.0,150,0,False
line712,0.0,150,0,False
line713,0.0,150,0,False
line714,0.0,150,0,False
line717,0.0,150,0,False
line718,0.0,150,0,False
line719,0.0,150,0,False
line720,0.0,150,0,False
line721,0.0,150,0,False
line722,0.0,150,0,False
line723,0.0,150,0,False
line724,0.0,150,0,False
line725,0.0,150,0,False
line726,0.0,150,0,False
line727,0.0,150,0,False
line728,0.0,150,0,False
line729,0.0,150,0,False
line730,0.0,150,0,False
line731,0.0,150,0,False
line732,0.0,150,0,False
line733,0.0,150,0,False
line734,0.0,150,0,False
line735,0.0,150,0,False
line736,0.0,150,0,False
line737,0.0,150,0,False
line738,0.0,150,0,False
line739,0.0,150,0,False
line740,0.0,150,0,False
line741,0.0,150,0,False
line742,0.0,150,0,False
line743,0.0,150,0,False
line744,0.0,150,0,False
line745,0.0,150,0,False
line746,0.0,150,0,False
line747,0.0,150,0,False
line748,0.0,150,0,False
line749,0.0,150,0,False
line750,0.0,150,0,False
line751,0.0,150,0,False
line752,0.0,150,0,False
line753,0.0,150,0,False
line754,0.0,150,0,False
line755,0.0,150,0,False
line756,0.0,150,0,False
line757,0.0,150,0,False
line758,0.0,150,0,False
line759,0.0,150,0,False
line760,0.0,150,0,False
line761,0.0,150,0,False
line762,0.0,150,0,False
line763,0.0,150,0,False
line764,0.0,150,0,False
line765,0.0,150,0,False
line766,0.0,150,0,False
line767,0.0,150,0,False
line768,0.0,150,0,False
line769,0.0,150,0,False
line770,0.0,150,0,False
line771,0.0,150,0,False
line772,0.0,150,0,False
line773,0.0,150,0,False
line774,0.0,150,0,False
line775,0.0,150,0,False
line776,0.0,150,0,False
line777,0.0,150,0,False
line778,0.0,150,0,False
line779,0.0,150,0,False
line780,0.0,150,0,False
line781,0.0,150,0,False
line782,0.0,150,0,False
line783,0.0,150,0,False
line784,0.0,150,0,False
line785,0.0,150,0,False
line786,0.0,150,0,False
line787,0.0,150,0,False
line788,0.0,150,0,False
line789,0.0,150,0,False
line790,0.0,150,0,False
line791,0.0,150,0,False
line792,0.0,150,0,False
line793,0.0,150,0,False
line794,0.0,150,0,False
line796,0.0,150,0,False
line797,0.0,150,0,False
line798,0.0,150,0,False
line799,0.0,150,0,False
line800,0.0,150,0,False
line801,0.0,150,0,False
line802,0.0,150,0,False
line803,0.0,150,0,False
line804,0.0,150,0,False
line805,0.0,150,0,False
line806,0.0,150,0,False
line807,0.0,150,0,False
line808,0.0,150,0,False
line809,0.0,150,0,False
line810,0.0,150,0,False
line811,0.0,150,0,False
line812,0.0,150,0,False
line813,0.0,150,0,False
line814,0.0,150,0,False
line815,0.0,150,0,False
line816,0.0,150,0,False
line817,0.0,150,0,False
line818,0.0,150,0,False
line819,0.0,150,0,False
line820,0.0,150,0,False
line821,0.0,150,0,False
line822,0.0,150,0,False
line823,0.0,150,0,False
line824,0.0,150,0,False
line825,0.0,150,0,False
line826,0.0,150,0,False
line827,0.0,150,0,False
line828,0.0,150,0,False
line829,0.0,150,0,False
line830,0.0,150,0,False
line831,0.0,150,0,False
line832,0.0,150,0,False
line833,0.0,150,0,False
line834,0.0,150,0,False
line835,0.0,150,0,False
line836,0.0,150,0,False
line837,0.0,150,0,False
line838,0.0,150,0,False
line839,0.0,150,0,False
line840,0.0,150,0,False
line841,0.0,150,0,False
line842,0.0,150,0,False
line843,0.0,150,0,False
line844,0.0,150,0,False
line845,0.0,150,0,False
line846,0.0,150,0,False
line847,0.0,150,0,False
line848,0.0,150,0,False
line849,0.0,150,0,False
line850,0.0,150,0,False
line851,0.0,150,0,False
line852,0.0,150,0,False
line853,0.0,150,0,False
line854,0.0,150,0,False
line855,0.0,150,0,False
line856,0.0,150,0,False
line858,0.0,150,0,False
line859,0.0,150,0,False
line860,0.0,150,0,False
line861,0.0,150,0,False
line862,0.0,150,0,False
line863,0.0,150,0,False
line864,0.0,150,0,False
line865,0.0,150,0,False
line866,0.0,150,0,False
line867,0.0,150,0,False
line868,0.0,150,0,False
line869,0.0,150,0,False
line870,0.0,150,0,False
line871,0.0,150,0,False
line872,0.0,150,0,False
line873,0.0,150,0,False
line874,0.0,150,0,False
line875,0.0,150,0,False
line876,0.0,150,0,False
line877,0.0,150,0,False
line878,0.0,150,0,False
line879,0.0,150,0,False
line880,0.0,150,0,False
line882,0.0,150,0,False
line883,0.0,150,0,False
line884,0.0,150,0,False
line885,0.0,150,0,False
line887,0.0,150,0,False
line888,0.0,150,0,False
line889,0.0,150,0,False
line890,0.0,150,0,False
line891,0.0,150,0,False
line892,0.0,150,0,False
line893,0.0,150,0,False
line895,0.0,150,0,False
line896,0.0,150,0,False
line897,0.0,150,0,False
line899,0.0,150,0,False
line900,0.0,150,0,False
line901,0.0,150,0,False
line902,0.0,150,0,False
line903,0.0,150,0,False
line904,0.0,150,0,False
line905,0.0,150,0,False
line906,0.0,150,0,False
line907,0.0,150,0,False
line908,0.0,150,0,False
line909,0.0,150,0,False
line913,0.0,150,0,False
line914,0.0,150,0,False
line915,0.0,150,0,False
line916,0.0,150,0,False
line917,0.0,150,0,False
line918,0.0,150,0,False
line919,0.0,150,0,False
line922,0.0,150,0,False
line923,0.0,150,0,False
line924,0.0,150,0,False
line925,0.0,150,0,False
line926,0.0,150,0,False
line927,0.0,150,0,False
line928,0.0,150,0,False
line929,0.0,150,0,False
line930,0.0,150,0,False
line931,0.0,150,0,False
line932,0.0,150,0,False
line933,0.0,150,0,False
line934,0.0,150,0,False
line935,0.0,150,0,False
line936,0.0,150,0,False
line937,0.0,150,0,False
line938,0.0,150,0,False
line939,0.0,150,0,False
line940,0.0,150,0,False
line941,0.0,150,0,False
line942,0.0,150,0,False
line943,0.0,150,0,False
line944,0.0,150,0,False
line945,0.0,150,0,False
line946,0.0,150,0,False
line947,0.0,150,0,False
line948,0.0,150,0,False
line949,0.0,150,0,False
line951,0.0,150,0,False
line952,0.0,150,0,False
line953,0.0,150,0,False
line954,0.0,150,0,False
line955,0.0,150,0,False
line958,0.0,150,0,False
line959,0.0,150,0,False
line960,0.0,150,0,False
line961,0.0,150,0,False
line962,0.0,150,0,False
line963,0.0,150,0,False
line964,0.0,150,0,False
line965,0.0,150,0,False
line966,0.0,150,0,False
line967,0.0,150,0,False
line968,0.0,150,0,False
line969,0.0,150,0,False
line970,0.0,150,0,False
line971,0.0,150,0,False
line972,0.0,150,0,False
line973,0.0,150,0,False
line974,0.0,150,0,False
line975,0.0,150,0,False
line976,0.0,150,0,False
line977,0.0,150,0,False
line978,0.0,150,0,False
line979,0.0,150,0,False
line980,0.0,150,0,False
line981,0.0,150,0,False
line982,0.0,150,0,False
line983,0.0,150,0,False
line984,0.0,150,0,False
line985,0.0,150,0,False
line986,0.0,150,0,False
line987,0.0,150,0,False
line988,0.0,150,0,False
line989,0.0,150,0,False
line990,0.0,150,0,False
line991,0.0,150,0,False
line992,0.0,150,0,False
line993,0.0,150,0,False
line994,0.0,150,0,False
line995,0.0,150,0,False
line996,0.0,150,0,False
line997,0.0,150,0,False
line998,0.0,150,0,False
line999,0.0,150,0,False
line1000,0.0,150,0,False
line1001,0.0,150,0,False
line1002,0.0,150,0,False
line1004,0.0,150,0,False
line1006,0.0,150,0,False
line1007,0.0,150,0,False
line1008,0.0,150,0,False
line1009,0.0,150,0,False
line1010,0.0,150,0,False
line1011,0.0,150,0,False
line1012,0.0,150,0,False
line1013,0.0,150,0,False
line1014,0.0,150,0,False
line1015,0.0,150,0,False
line1016,0.0,150,0,False
line1017,0.0,150,0,False
line1018,0.0,150,0,False
line1019,0.0,150,0,False
line1020,0.0,150,0,False
line1021,0.0,150,0,False
line1022,0.0,150,0,False
line1023,0.0,150,0,False
line1024,0.0,150,0,False
line1025,0.0,150,0,False
line1026,0.0,150,0,False
line1027,0.0,150,0,False
line1028,0.0,150,0,False
line1029,0.0,150,0,False
line1030,0.0,150,0,False
line1031,0.0,150,0,False
line1032,0.0,150,0,False
line1033,0.0,150,0,False
line1035,0.0,150,0,False
line1036,0.0,150,0,False
line1037,0.0,150,0,False
line1038,0.0,150,0,False
line1039,0.0,150,0,False
line1040,0.0,150,0,False
line1041,0.0,150,0,False
line1042,0.0,150,0,False
line1043,0.0,150,0,False
line1044,0.0,150,0,False
line1045,0.0,150,0,False
line1046,0.0,150,0,False
line1047,0.0,150,0,False
line1048,0.0,150,0,False
line1049,0.0,150,0,False
line1050,0.0,150,0,False
line1051,0.0,150,0,False
line1052,0.0,150,0,False
line1053,0.0,150,0,False
line1054,0.0,150,0,False
line1055,0.0,150,0,False
line1056,0.0,150,0,False
line1057,0.0,150,0,False
line1058,0.0,150,0,False
line1059,0.0,150,0,False
line1060,0.0,150,0,False
line1061,0.0,150,0,False
line1062,0.0,150,0,False
line1063,0.0,150,0,False
line1064,0.0,150,0,False
line1065,0.0,150,0,False
line1066,0.0,150,0,False
line1067,0.0,150,0,False
line1068,0.0,150,0,False
line1069,0.0,150,0,False
line1070,0.0,150,0,False
line1071,0.0,150,0,False
line1072,0.0,150,0,False
line1073,0.0,150,0,False
line1074,0.0,150,0,False
line1075,0.0,150,0,False
line1076,0.0,150,0,False
line1077,0.0,150,0,False
line1079,0.0,150,0,False
line1080,0.0,150,0,False
line1081,0.0,150,0,False
line1082,0.0,150,0,False
line1083,0.0,150,0,False
line1084,0.0,150,0,False
line1085,0.0,150,0,False
line1086,0.0,150,0,False
line1087,0.0,150,0,False
line1088,0.0,150,0,False
line1089,0.0,150,0,False
line1090,0.0,150,0,False
line1091,0.0,150,0,False
line1092,0.0,150,0,False
line1093,0.0,150,0,False
line1094,0.0,150,0,False
line1095,0.0,150,0,False
line1096,0.0,150,0,False
line1097,0.0,150,0,False
line1098,0.0,150,0,False
line1099,0.0,150,0,False
line1100,0.0,150,0,False
line1101,0.0,150,0,False
line1102,0.0,150,0,False
line1103,0.0,150,0,False
line1104,0.0,150,0,False
line1105,0.0,150,0,False
line1107,0.0,150,0,False
line1109,0.0,150,0,False
line1110,0.0,150,0,False
line1111,0.0,150,0,False
line1112,0.0,150,0,False
line1113,0.0,150,0,False
line1114,0.0,150,0,False
line1115,0.0,150,0,False
line1116,0.0,150,0,False
line1117,0.0,150,0,False
line1118,0.0,150,0,False
line1119,0.0,150,0,False
line1120,0.0,150,0,False
line1121,0.0,150,0,False
line1122,0.0,150,0,False
line1123,0.0,150,0,False
line1124,0.0,150,0,False
line1125,0.0,150,0,False
line1126,0.0,150,0,False
line1127,0.0,150,0,False
line1128,0.0,150,0,False
line1129,0.0,150,0,False
line1130,0.0,150,0,False
line1131,0.0,150,0,False
line1132,0.0,150,0,False
line1133,0.0,150,0,False
line1134,0.0,150,0,False
line1135,0.0,150,0,False
line1136,0.0,150,0,False
line1137,0.0,150,0,False
line1138,0.0,150,0,False
line1139,0.0,150,0,False
line1140,0.0,150,0,False
line1141,0.0,150,0,False
line1142,0.0,150,0,False
line1143,0.0,150,0,False
line1144,0.0,150,0,False
line1145,0.0,150,0,False
line1146,0.0,150,0,False
line1148,0.0,150,0,False
line1149,0.0,150,0,False
line1150,0.0,150,0,False
line1151,0.0,150,0,False
line1152,0.0,150,0,False
line1153,0.0,150,0,False
line1154,0.0,150,0,False
line1156,0.0,150,0,False
line1157,0.0,150,0,False
line1158,0.0,150,0,False
line1159,0.0,150,0,False
line1160,0.0,150,0,False
line1161,0.0,150,0,False
line1162,0.0,150,0,False
line1163,0.0,150,0,False
line1164,0.0,150,0,False
line1165,0.0,150,0,False
line1166,0.0,150,0,False
line1167,0.0,150,0,False
line1168,0.0,150,0,False
line1169,0.0,150,0,False
line1170,0.0,150,0,False
line1171,0.0,150,0,False
line1172,0.0,150,0,False
line1173,0.0,150,0,False
line1174,0.0,150,0,False
line1175,0.0,150,0,False
line1176,0.0,150,0,False
line1177,0.0,150,0,False
line1178,0.0,150,0,False
line1179,0.0,150,0,False
line1180,0.0,150,0,False
line1188,0.0,150,0,False
line1189,0.0,150,0,False
line1190,0.0,150,0,False
line1191,0.0,150,0,False
line1192,0.0,150,0,False
line1193,0.0,150,0,False
line1198,0.0,150,0,False
line1199,0.0,150,0,False
line1200,0.0,150,0,False
line1201,0.0,150,0,False
line1202,0.0,150,0,False
line1203,0.0,150,0,False
line1204,0.0,150,0,False
line1205,0.0,150,0,False
line1206,0.0,150,0,False
line1207,0.0,150,0,False
line1208,0.0,150,0,False
line1209,0.0,150,0,False
line1210,0.0,150,0,False
line1211,0.0,150,0,False
line1212,0.0,150,0,False
line1213,0.0,150,0,False
line1214,0.0,150,0,False
line1215,0.0,150,0,False
line1216,0.0,150,0,False
line1217,0.0,150,0,False
line1218,0.0,150,0,False
line1219,0.0,150,0,False
line1220,0.0,150,0,False
line1221,0.0,150,0,False
line1222,0.0,150,0,False
line1223,0.0,150,0,False
line1224,0.0,150,0,False
line1225,0.0,150,0,False
line1226,0.0,150,0,False
line1227,0.0,150,0,False
line1228,0.0,150,0,False
line1229,0.0,150,0,False
line1230,0.0,150,0,False
line1231,0.0,150,0,False
line1232,0.0,150,0,False
line1233,0.0,150,0,False
line1234,0.0,150,0,False
line1235,0.0,150,0,False
line1236,0.0,150,0,False
line1237,0.0,150,0,False
line1238,0.0,150,0,False
line1239,0.0,150,0,False
line1240,0.0,150,0,False
line1241,0.0,150,0,False
line1242,0.0,150,0,False
line1243,0.0,150,0,False
line1244,0.0,150,0,False
line1245,0.0,150,0,False
line1246,0.0,150,0,False
line1247,0.0,150,0,False
line1248,0.0,150,0,False
line1249,0.0,150,0,False
line1250,0.0,150,0,False
line1251,0.0,150,0,False
line1252,0.0,150,0,False
line1253,0.0,150,0,False
line1254,0.0,150,0,False
line1255,0.0,150,0,False
line1256,0.0,150,0,False
line1257,0.0,150,0,False
line1258,0.0,150,0,False
line1259,0.0,150,0,False
line1260,0.0,150,0,False
line1261,0.0,150,0,False
line1262,0.0,150,0,False
line1263,0.0,150,0,False
line1264,0.0,150,0,False
line1265,0.0,150,0,False
line1266,0.0,150,0,False
line1267,0.0,150,0,False
line1268,0.0,150,0,False
line1269,0.0,150,0,False
line1270,0.0,150,0,False
line1271,0.0,150,0,False
line1272,0.0,150,0,False
line1273,0.0,150,0,False
line1274,0.0,150,0,False
line1275,0.0,150,0,False
line1276,0.0,150,0,False
line1277,0.0,150,0,False
line1278,0.0,150,0,False
line1279,0.0,150,0,False
line1280,0.0,150,0,False
line1281,0.0,150,0,False
line1282,0.0,150,0,False
line1283,0.0,150,0,False
line1284,0.0,150,0,False
line1285,0.0,150,0,False
line1286,0.0,150,0,False
line1287,0.0,150,0,False
line1288,0.0,150,0,False
line1289,0.0,150,0,False
line1290,0.0,150,0,False
line1291,0.0,150,0,False
line1292,0.0,150,0,False
line1293,0.0,150,0,False
line1294,0.0,150,0,False
line1295,0.0,150,0,False
line1296,0.0,150,0,False
line1297,0.0,150,0,False
line1298,0.0,150,0,False
line1299,0.0,150,0,False
line1300,0.0,150,0,False
line1301,0.0,150,0,False
line1302,0.0,150,0,False
line1303,0.0,150,0,False
line1304,0.0,150,0,False
line1305,0.0,150,0,False
line1306,0.0,150,0,False
line1309,0.0,150,0,False
line1310,0.0,150,0,False
line1311,0.0,150,0,False
line1312,0.0,150,0,False
line1313,0.0,150,0,False
line1314,0.0,150,0,False
line1315,0.0,150,0,False
line1316,0.0,150,0,False
line1317,0.0,150,0,False
line1318,0.0,150,0,False
line1319,0.0,150,0,False
line1320,0.0,150,0,False
line1321,0.0,150,0,False
line1322,0.0,150,0,False
line1323,0.0,150,0,False
line1324,0.0,150,0,False
line1325,0.0,150,0,False
line1326,0.0,150,0,False
line1327,0.0,150,0,False
line1328,0.0,150,0,False
line1329,0.0,150,0,False
line1330,0.0,150,0,False
line1331,0.0,150,0,False
line1332,0.0,150,0,False
line1333,0.0,150,0,False
line1334,0.0,150,0,False
line1335,0.0,150,0,False
line1336,0.0,150,0,False
line1337,0.0,150,0,False
line1338,0.0,150,0,False
line1339,0.0,150,0,False
line1340,0.0,150,0,False
line1341,0.0,150,0,False
line1342,0.0,150,0,False
line1343,0.0,150,0,False
line1344,0.0,150,0,False
line1345,0.0,150,0,False
line1346,0.0,150,0,False
line1347,0.0,150,0,False
line1348,0.0,150,0,False
line1349,0.0,150,0,False
line1350,0.0,150,0,False
line1351,0.0,150,0,False
line1352,0.0,150,0,False
line1353,0.0,150,0,False
line1354,0.0,150,0,False
line1355,0.0,150,0,False
line1356,0.0,150,0,False
line1357,0.0,150,0,False
line1358,0.0,150,0,False
line1359,0.0,150,0,False
line1360,0.0,150,0,False
line1361,0.0,150,0,False
line1362,0.0,150,0,False
line1363,0.0,150,0,False
line1364,0.0,150,0,False
line1365,0.0,150,0,False
line1366,0.0,150,0,False
line1367,0.0,150,0,False
line1368,0.0,150,0,False
line1369,0.0,150,0,False
line1370,0.0,150,0,False
line1371,0.0,150,0,False
line1372,0.0,150,0,False
line1373,0.0,150,0,False
line1374,0.0,150,0,False
line1375,0.0,150,0,False
line1376,0.0,150,0,False
line1377,0.0,150,0,False
line1378,0.0,150,0,False
line1379,0.0,150,0,False
line1380,0.0,150,0,False
line1382,0.0,150,0,False
line1383,0.0,150,0,False
line1385,0.0,150,0,False
line1386,0.0,150,0,False
line1387,0.0,150,0,False
line1388,0.0,150,0,False
line1389,0.0,150,0,False
line1390,0.0,150,0,False
line1391,0.0,150,0,False
line1392,0.0,150,0,False
line1393,0.0,150,0,False
line1394,0.0,150,0,False
line1396,0.0,150,0,False
line1397,0.0,150,0,False
line1398,0.0,150,0,False
line1399,0.0,150,0,False
line1400,0.0,150,0,False
line1401,0.0,150,0,False
line1402,0.0,150,0,False
line1403,0.0,150,0,False
line1404,0.0,150,0,False
line1405,0.0,150,0,False
line1406,0.0,150,0,False
line1407,0.0,150,0,False
line1408,0.0,150,0,False
line1409,0.0,150,0,False
line1410,0.0,150,0,False
line1411,0.0,150,0,False
line1412,0.0,150,0,False
line1413,0.0,150,0,False
line1414,0.0,150,0,False
line1415,0.0,150,0,False
line1416,0.0,150,0,False
line1417,0.0,150,0,False
line1418,0.0,150,0,False
line1419,0.0,150,0,False
line1420,0.0,150,0,False
line1421,0.0,150,0,False
line1422,0.0,150,0,False
line1423,0.0,150,0,False
line1424,0.0,150,0,False
line1425,0.0,150,0,False
line1426,0.0,150,0,False
line1427,0.0,150,0,False
line1428,0.0,150,0,False
line1429,0.0,150,0,False
line1430,0.0,150,0,False
line1431,0.0,150,0,False
line1432,0.0,150,0,False
line1433,0.0,150,0,False
line1434,0.0,150,0,False
line1435,0.0,150,0,False
line1436,0.0,150,0,False
line1437,0.0,150,0,False
line1438,0.0,150,0,False
line1439,0.0,150,0,False
line1440,0.0,150,0,False
line1441,0.0,150,0,False
line1442,0.0,150,0,False
line1443,0.0,150,0,False
line1444,0.0,150,0,False
line1445,0.0,150,0,False
line1446,0.0,150,0,False
line1447,0.0,150,0,False
line1448,0.0,150,0,False
line1449,0.0,150,0,False
line1450,0.0,150,0,False
line1451,0.0,150,0,False
line1452,0.0,150,0,False
line1453,0.0,150,0,False
line1454,0.0,150,0,False
line1455,0.0,150,0,False
line1456,0.0,150,0,False
line1457,0.0,150,0,False
line1458,0.0,150,0,False
line1459,0.0,150,0,False
line1460,0.0,150,0,False
line1461,0.0,150,0,False
line1462,0.0,150,0,False
line1463,0.0,150,0,False
line1464,0.0,150,0,False
line1465,0.0,150,0,False
line1466,0.0,150,0,False
line1467,0.0,150,0,False
line1468,0.0,150,0,False
line1469,0.0,150,0,False
line1470,0.0,150,0,False
line1471,0.0,150,0,False
line1472,0.0,150,0,False
line1473,0.0,150,0,False
line1474,0.0,150,0,False
line1475,0.0,150,0,False
line1476,0.0,150,0,False
line1477,0.0,150,0,False
line1478,0.0,150,0,False
line1479,0.0,150,0,False
line1480,0.0,150,0,False
line1481,0.0,150,0,False
line1482,0.0,150,0,False
line1483,0.0,150,0,False
line1484,0.0,150,0,False
line1485,0.0,150,0,False
line1486,0.0,150,0,False
line1487,0.0,150,0,False
line1488,0.0,150,0,False
line1489,0.0,150,0,False
line1490,0.0,150,0,False
line1491,0.0,150,0,False
line1492,0.0,150,0,False
line1494,0.0,150,0,False
line1495,0.0,150,0,False
line1496,0.0,150,0,False
line1497,0.0,150,0,False
line1498,0.0,150,0,False
line1499,0.0,150,0,False
line1500,0.0,150,0,False
line1501,0.0,150,0,False
line1503,0.0,150,0,False
line1504,0.0,150,0,False
line1505,0.0,150,0,False
line1506,0.0,150,0,False
line1507,0.0,150,0,False
line1508,0.0,150,0,False
line1509,0.0,150,0,False
line1510,0.0,150,0,False
line1511,0.0,150,0,False
line1512,0.0,150,0,False
line1513,0.0,150,0,False
line1514,0.0,150,0,False
line1515,0.0,150,0,False
line1516,0.0,150,0,False
line1518,0.0,150,0,False
line1519,0.0,150,0,False
line1520,0.0,150,0,False
line1521,0.0,150,0,False
line1522,0.0,150,0,False
line1523,0.0,150,0,False
line1524,0.0,150,0,False
line1525,0.0,150,0,False
line1526,0.0,150,0,False
line1527,0.0,150,0,False
line1528,0.0,150,0,False
line1529,0.0,150,0,False
line1530,0.0,150,0,False
line1531,0.0,150,0,False
line1532,0.0,150,0,False
line1533,0.0,150,0,False
line1534,0.0,150,0,False
line1535,0.0,150,0,False
line1536,0.0,150,0,False
line1537,0.0,150,0,False
line1538,0.0,150,0,False
line1539,0.0,150,0,False
line1540,0.0,150,0,False
line1542,0.0,150,0,False
line1544,0.0,150,0,False
line1545,0.0,150,0,False
line1546,0.0,150,0,False
line1547,0.0,150,0,False
line1548,0.0,150,0,False
line1549,0.0,150,0,False
line1550,0.0,150,0,False
line1551,0.0,150,0,False
line1552,0.0,150,0,False
line1553,0.0,150,0,False
line1554,0.0,150,0,False
line1555,0.0,150,0,False
line1556,0.0,150,0,False
line1557,0.0,150,0,False
line1559,0.0,150,0,False
line1560,0.0,150,0,False
line1561,0.0,150,0,False
line1562,0.0,150,0,False
line1563,0.0,150,0,False
line1564,0.0,150,0,False
line1565,0.0,150,0,False
line1566,0.0,150,0,False
line1567,0.0,150,0,False
line1568,0.0,150,0,False
line1569,0.0,150,0,False
line1570,0.0,150,0,False
line1571,0.0,150,0,False
line1572,0.0,150,0,False
line1573,0.0,150,0,False
line1574,0.0,150,0,False
line1575,0.0,150,0,False
line1576,0.0,150,0,False
line1577,0.0,150,0,False
line1578,0.0,150,0,False
line1579,0.0,150,0,False
line1580,0.0,150,0,False
line1581,0.0,150,0,False
line1582,0.0,150,0,False
line1583,0.0,150,0,False
line1584,0.0,150,0,False
line1586,0.0,150,0,False
line1587,0.0,150,0,False
line1588,0.0,150,0,False
line1589,0.0,150,0,False
line1590,0.0,150,0,False
line1591,0.0,150,0,False
line1592,0.0,150,0,False
line1593,0.0,150,0,False
line1594,0.0,150,0,False
line1595,0.0,150,0,False
line1596,0.0,150,0,False
line1597,0.0,150,0,False
line1598,0.0,150,0,False
line1599,0.0,150,0,False
line1600,0.0,150,0,False
line1601,0.0,150,0,False
line1602,0.0,150,0,False
line1603,0.0,150,0,False
line1604,0.0,150,0,False
line1605,0.0,150,0,False
line1606,0.0,150,0,False
line1607,0.0,150,0,False
line1608,0.0,150,0,False
line1609,0.0,150,0,False
line1610,0.0,150,0,False
line1611,0.0,150,0,False
line1612,0.0,150,0,False
line1613,0.0,150,0,False
line1614,0.0,150,0,False
line1615,0.0,150,0,False
line1616,0.0,150,0,False
line1617,0.0,150,0,False
line1619,0.0,150,0,False
line1620,0.0,150,0,False
line1621,0.0,150,0,False
line1622,0.0,150,0,False
line1623,0.0,150,0,False
line1624,0.0,150,0,False
line1625,0.0,150,0,False
line1626,0.0,150,0,False
line1627,0.0,150,0,False
line1628,0.0,150,0,False
line1629,0.0,150,0,False
line1630,0.0,150,0,False
line1631,0.0,150,0,False
line1632,0.0,150,0,False
line1633,0.0,150,0,False
line1634,0.0,150,0,False
line1635,0.0,150,0,False
line1636,0.0,150,0,False
line1637,0.0,150,0,False
line1638,0.0,150,0,False
line1639,0.0,150,0,False
line1640,0.0,150,0,False
line1641,0.0,150,0,False
line1642,0.0,150,0,False
line1643,0.0,150,0,False
line1644,0.0,150,0,False
line1645,0.0,150,0,False
line1646,0.0,150,0,False
line1647,0.0,150,0,False
line1648,0.0,150,0,False
line1649,0.0,150,0,False
line1650,0.0,150,0,False
line1651,0.0,150,0,False
line1652,0.0,150,0,False
line1653,0.0,150,0,False
line1654,0.0,150,0,False
line1655,0.0,150,0,False
line1656,0.0,150,0,False
line1657,0.0,150,0,False
line1658,0.0,150,0,False
line1659,0.0,150,0,False
line1660,0.0,150,0,False
line1661,0.0,150,0,False
line1662,0.0,150,0,False
line1663,0.0,150,0,False
line1664,0.0,150,0,False
line1665,0.0,150,0,False
line1666,0.0,150,0,False
line1667,0.0,150,0,False
line1668,0.0,150,0,False
line1669,0.0,150,0,False
line1670,0.0,150,0,False
line1671,0.0,150,0,False
line1672,0.0,150,0,False
line1673,0.0,150,0,False
line1674,0.0,150,0,False
line1675,0.0,150,0,False
line1676,0.0,150,0,False
line1677,0.0,150,0,False
line1678,0.0,150,0,False
line1679,0.0,150,0,False
line1680,0.0,150,0,False
line1681,0.0,150,0,False
line1682,0.0,150,0,False
line1683,0.0,150,0,False
line1684,0.0,150,0,False
line1685,0.0,150,0,False
line1686,0.0,150,0,False
line1687,0.0,150,0,False
line1688,0.0,150,0,False
line1689,0.0,150,0,False
line1690,0.0,150,0,False
line1691,0.0,150,0,False
line1692,0.0,150,0,False
line1693,0.0,150,0,False
line1695,0.0,150,0,False
line1696,0.0,150,0,False
line1697,0.0,150,0,False
line1698,0.0,150,0,False
line1699,0.0,150,0,False
line1700,0.0,150,0,False
line1701,0.0,150,0,False
line1702,0.0,150,0,False
line1703,0.0,150,0,False
line1704,0.0,150,0,False
line1705,0.0,150,0,False
line1706,0.0,150,0,False
line1707,0.0,150,0,False
line1708,0.0,150,0,False
line1709,0.0,150,0,False
line1710,0.0,150,0,False
line1711,0.0,150,0,False
line1712,0.0,150,0,False
line1713,0.0,150,0,False
line1714,0.0,150,0,False
line1715,0.0,150,0,False
line1716,0.0,150,0,False
line1717,0.0,150,0,False
line1718,0.0,150,0,False
line1719,0.0,150,0,False
line1720,0.0,150,0,False
line1721,0.0,150,0,False
line1722,0.0,150,0,False
line1723,0.0,150,0,False
line1724,0.0,150,0,False
line1725,0.0,150,0,False
line1726,0.0,150,0,False
line1727,0.0,150,0,False
line1728,0.0,150,0,False
line1729,0.0,150,0,False
line1730,0.0,150,0,False
line1731,0.0,150,0,False
line1732,0.0,150,0,False
line1733,0.0,150,0,False
line1734,0.0,150,0,False
line1735,0.0,150,0,False
line1736,0.0,150,0,False
line1737,0.0,150,0,False
line1738,0.0,150,0,False
line1739,0.0,150,0,False
line1740,0.0,150,0,False
line1741,0.0,150,0,False
line1742,0.0,150,0,False
line1743,0.0,150,0,False
line1752,0.0,150,0,False
line1753,0.0,150,0,False
line1754,0.0,150,0,False
line1756,0.0,150,0,False
line1757,0.0,150,0,False
line1758,0.0,150,0,False
line1759,0.0,150,0,False
line1762,0.0,150,0,False
line1763,0.0,150,0,False
line1764,0.0,150,0,False
line1765,0.0,150,0,False
line1767,0.0,150,0,False
line1768,0.0,150,0,False
line1770,0.0,150,0,False
line1771,0.0,150,0,False
line1772,0.0,150,0,False
line1773,0.0,150,0,False
line1774,0.0,150,0,False
line1775,0.0,150,0,False
line1776,0.0,150,0,False
line1777,0.0,150,0,False
line1778,0.0,150,0,False
line1779,0.0,150,0,False
line1780,0.0,150,0,False
line1781,0.0,150,0,False
line1783,0.0,150,0,False
line1784,0.0,150,0,False
line1786,0.0,150,0,False
line1787,0.0,150,0,False
line1788,0.0,150,0,False
line1790,0.0,150,0,False
line1791,0.0,150,0,False
line1792,0.0,150,0,False
line1793,0.0,150,0,False
line1794,0.0,150,0,False
line1795,0.0,150,0,False
line1796,0.0,150,0,False
line1799,0.0,150,0,False
line1801,0.0,150,0,False
line1802,0.0,150,0,False
line1803,0.0,150,0,False
line1804,0.0,150,0,False
line1805,0.0,150,0,False
line1806,0.0,150,0,False
line1807,0.0,150,0,False
line1808,0.0,150,0,False
line1809,0.0,150,0,False
line1810,0.0,150,0,False
line1811,0.0,150,0,False
line1812,0.0,150,0,False
line1813,0.0,150,0,False
line1814,0.0,150,0,False
line1815,0.0,150,0,False
line1816,0.0,150,0,False
line1817,0.0,150,0,False
line1818,0.0,150,0,False
line1819,0.0,150,0,False
line1820,0.0,150,0,False
line1821,0.0,150,0,False
line1822,0.0,150,0,False
line1823,0.0,150,0,False
line1824,0.0,150,0,False
line1825,0.0,150,0,False
line1826,0.0,150,0,False
line1827,0.0,150,0,False
line1828,0.0,150,0,False
line1829,0.0,150,0,False
line1830,0.0,150,0,False
line1831,0.0,150,0,False
line1832,0.0,150,0,False
line1833,0.0,150,0,False
line1834,0.0,150,0,False
line1835,0.0,150,0,False
line1836,0.0,150,0,False
line1837,0.0,150,0,False
line1838,0.0,150,0,False
line1839,0.0,150,0,False
line1840,0.0,150,0,False
line1841,0.0,150,0,False
line1842,0.0,150,0,False
line1843,0.0,150,0,False
line1844,0.0,150,0,False
line1845,0.0,150,0,False
line1846,0.0,150,0,False
line1847,0.0,150,0,False
line1848,0.0,150,0,False
line1849,0.0,150,0,False
line1850,0.0,150,0,False
line1851,0.0,150,0,False
line1852,0.0,150,0,False
line1853,0.0,150,0,False
line1854,0.0,150,0,False
line1855,0.0,150,0,False
line1856,0.0,150,0,False
line1857,0.0,150,0,False
line1858,0.0,150,0,False
line1859,0.0,150,0,False
line1860,0.0,150,0,False
line1861,0.0,150,0,False
line1862,0.0,150,0,False
line1863,0.0,150,0,False
line1864,0.0,150,0,False
line1865,0.0,150,0,False
line1866,0.0,150,0,False
line1867,0.0,150,0,False
line1868,0.0,150,0,False
line1869,0.0,150,0,False
line1870,0.0,150,0,False
line1871,0.0,150,0,False
line1872,0.0,150,0,False
line1873,0.0,150,0,False
line1874,0.0,150,0,False
line1875,0.0,150,0,False
line1876,0.0,150,0,False
line1877,0.0,150,0,False
line1878,0.0,150,0,False
line1879,0.0,150,0,False
line1880,0.0,150,0,False
line1881,0.0,150,0,False
line1882,0.0,150,0,False
line1883,0.0,150,0,False
line1884,0.0,150,0,False
line1885,0.0,150,0,False
line1886,0.0,150,0,False
line1887,0.0,150,0,False
line1888,0.0,150,0,False
line1889,0.0,150,0,False
line1890,0.0,150,0,False
line1891,0.0,150,0,False
line1892,0.0,150,0,False
line1894,0.0,150,0,False
line1895,0.0,150,0,False
line1896,0.0,150,0,False
line1897,0.0,150,0,False
line1898,0.0,150,0,False
line1899,0.0,150,0,False
line1900,0.0,150,0,False
line1901,0.0,150,0,False
line1902,0.0,150,0,False
line1903,0.0,150,0,False
line1904,0.0,150,0,False
line1905,0.0,150,0,False
line1906,0.0,150,0,False
line1907,0.0,150,0,False
line1908,0.0,150,0,False
line1909,0.0,150,0,False
line1910,0.0,150,0,False
line1911,0.0,150,0,False
line1912,0.0,150,0,False
line1913,0.0,150,0,False
line1914,0.0,150,0,False
line1915,0.0,150,0,False
line1916,0.0,150,0,False
line1917,0.0,150,0,False
line1918,0.0,150,0,False
line1919,0.0,150,0,False
line1920,0.0,150,0,False
line1921,0.0,150,0,False
line1922,0.0,150,0,False
line1923,0.0,150,0,False
line1924,0.0,150,0,False
line1925,0.0,150,0,False
line1926,0.0,150,0,False
line1927,0.0,150,0,False
line1928,0.0,150,0,False
line1929,0.0,150,0,False
line1930,0.0,150,0,False
line1931,0.0,150,0,False
line1932,0.0,150,0,False
line1933,0.0,150,0,False
line1934,0.0,150,0,False
line1935,0.0,150,0,False
line1936,0.0,150,0,False
line1937,0.0,150,0,False
line1938,0.0,150,0,False
line1939,0.0,150,0,False
line1940,0.0,150,0,False
line1941,0.0,150,0,False
line1942,0.0,150,0,False
line1943,0.0,150,0,False
line1944,0.0,150,0,False
line1945,0.0,150,0,False
line1946,0.0,150,0,False
line1947,0.0,150,0,False
line1948,0.0,150,0,False
line1949,0.0,150,0,False
line1950,0.0,150,0,False
line1951,0.0,150,0,False
line1952,0.0,150,0,False
line1953,0.0,150,0,False
line1954,0.0,150,0,False
line1955,0.0,150,0,False
line1956,0.0,150,0,False
line1957,0.0,150,0,False
line1958,0.0,150,0,False
line1959,0.0,150,0,False
line1960,0.0,150,0,False
line1961,0.0,150,0,False
line1962,0.0,150,0,False
line1963,0.0,150,0,False
line1964,0.0,150,0,False
line1965,0.0,150,0,False
line1966,0.0,150,0,False
line1967,0.0,150,0,False
line1968,0.0,150,0,False
line1969,0.0,150,0,False
line1970,0.0,150,0,False
line1971,0.0,150,0,False
line1972,0.0,150,0,False
line1973,0.0,150,0,False
line1974,0.0,150,0,False
line1975,0.0,150,0,False
line1976,0.0,150,0,False
line1977,0.0,150,0,False
line1978,0.0,150,0,False
line1979,0.0,150,0,False
line1980,0.0,150,0,False
line1981,0.0,150,0,False
line1982,0.0,150,0,False
line1983,0.0,150,0,False
line1984,0.0,150,0,False
line1985,0.0,150,0,False
line1986,0.0,150,0,False
line1987,0.0,150,0,False
line1988,0.0,150,0,False
line1989,0.0,150,0,False
line1990,0.0,150,0,False
line1991,0.0,150,0,False
line1992,0.0,150,0,False
line1993,0.0,150,0,False
line1994,0.0,150,0,False
line1995,0.0,150,0,False
line1996,0.0,150,0,False
line1997,0.0,150,0,False
line1998,0.0,150,0,False
line1999,0.0,150,0,False
line2000,0.0,150,0,False
line2001,0.0,150,0,False
line2002,0.0,150,0,False
line2003,0.0,150,0,False
line2004,0.0,150,0,False
line2005,0.0,150,0,False
line2006,0.0,150,0,False
line2007,0.0,150,0,False
line2008,0.0,150,0,False
line2009,0.0,150,0,False
line2010,0.0,150,0,False
line2011,0.0,150,0,False
line2012,0.0,150,0,False
line2013,0.0,150,0,False
line2014,0.0,150,0,False
line2015,0.0,150,0,False
line2016,0.0,150,0,False
line2017,0.0,150,0,False
line2018,0.0,150,0,False
line2019,0.0,150,0,False
line2021,0.0,150,0,False
line2022,0.0,150,0,False
line2023,0.0,150,0,False
line2024,0.0,150,0,False
line2025,0.0,150,0,False
line2026,0.0,150,0,False
line2027,0.0,150,0,False
line2028,0.0,150,0,False
line2029,0.0,150,0,False
line2030,0.0,150,0,False
line2031,0.0,150,0,False
line2032,0.0,150,0,False
line2033,0.0,150,0,False
line2034,0.0,150,0,False
line2035,0.0,150,0,False
line2036,0.0,150,0,False
line2037,0.0,150,0,False
line2038,0.0,150,0,False
line2039,0.0,150,0,False
line2040,0.0,150,0,False
